{"energy": [1000000.0, 1258925.411794166, 1584893.1924611141, 1995262.3149688789, 2511886.4315095823, 3162277.6601683795, 3981071.7055349695, 5011872.336272725, 6309573.44480193, 7943282.347242822, 10000000.0, 12589254.117941663, 15848931.924611142, 19952623.149688788, 25118864.315095823, 31622776.60168379, 39810717.05534969, 50118723.36272725, 63095734.448019296, 79432823.47242822, 100000000.0, 125892541.17941661, 158489319.2461111, 199526231.49688828, 251188643.1509582, 316227766.01683795, 398107170.5534969, 501187233.6272715, 630957344.4801943, 794328234.7242821, 1000000000.0, 1258925411.794166, 1584893192.4611108, 1995262314.9688828, 2511886431.509582, 3162277660.1683793, 3981071705.5349693, 5011872336.272715, 6309573444.801943, 7943282347.242822, 10000000000.0, 12589254117.941713, 15848931924.611109, 19952623149.688828, 25118864315.09582, 31622776601.683792, 39810717055.34985, 50118723362.72715, 63095734448.019424, 79432823472.42822, 100000000000.0, 125892541179.41713, 158489319246.11108, 199526231496.88828, 251188643150.95822, 316227766016.83795, 398107170553.49854, 501187233627.2715, 630957344480.1943, 794328234724.2821, 1000000000000.0], "density": [[5.830180861730679e-24, 1.5327495545606475e-25], [4.201293468725124e-24, 1.0106763538995181e-25], [2.9763907452310684e-24, 9.714656025752009e-26], [1.9991835649937884e-24, 5.0046595941521066e-26], [1.373469568326761e-24, 3.6587027889128575e-26], [9.969408190607157e-25, 2.4723026938571644e-26], [6.8020741719050875e-25, 1.7469280788887315e-26], [4.922762723725807e-25, 1.348011319726964e-26], [3.4753568142179648e-25, 9.635298815118325e-27], [2.5258682622730886e-25, 2.2996180650196933e-26], [1.5906368042925642e-25, 4.042394230998105e-27], [1.0815424241195618e-25, 2.9120597159162237e-27], [7.596769661914426e-26, 2.2722907981276466e-27], [5.597872743007069e-26, 1.841185704312344e-27], [3.9713514083330834e-26, 2.115336675299649e-27], [2.4692490566145965e-26, 9.823548054295788e-28], [1.758030459524491e-26, 8.600245791870335e-28], [1.2240959459487026e-26, 9.830160157726681e-28], [7.517301574231804e-27, 3.466764496217898e-28], [5.019189680416056e-27, 2.8851415909133373e-28], [3.0197059780902205e-27, 1.5289446793699327e-28], [1.5318917413993162e-27, 7.860060555551063e-29], [1.082941979764936e-27, 8.30389716324185e-29], [5.057975555676278e-28, 2.4172470951963083e-29], [3.0140882702929323e-28, 1.7581801491125952e-29], [1.5344797881526264e-28, 7.743704904674667e-30], [8.062187740227049e-29, 4.019339068301823e-30], [3.770047679677615e-29, 1.9666073173139562e-30], [2.1060174993972652e-29, 1.1390719363960964e-30], [9.453246899101747e-30, 4.638464481662594e-31], [5.3598533042630386e-30, 2.784624859667896e-31], [2.4748050541973516e-30, 1.280427656495533e-31], [1.1554451853765077e-30, 6.257658359513847e-32], [6.078185969592491e-31, 3.4141542841846837e-32], [2.887936595668294e-31, 1.6069330640266232e-32], [1.2328494933458366e-31, 6.643558103990601e-33], [5.971040497234745e-32, 3.179911899891698e-33], [2.9568977185744743e-32, 1.5545562198328405e-33], [1.4087739666141964e-32, 7.768656971286394e-34], [6.803644531400708e-33, 4.267341481434153e-34], [2.9165896131010088e-33, 1.5301213473348634e-34], [1.4352455303613107e-33, 8.65405280634465e-35], [6.178354141173375e-34, 3.380063028952923e-35], [2.8716863306736323e-34, 1.5384892535064993e-35], [1.4453872303517211e-34, 1.0874115000904521e-35], [5.189372478436106e-35, 2.9907485235541072e-36], [2.5862834514509173e-35, 1.4717687584735603e-36], [1.0662796765994908e-35, 6.361590471245561e-37], [4.720526189699354e-36, 3.1988597053694306e-37], [2.0687745979662514e-36, 1.7330603169340602e-37], [8.2183912932012e-37, 6.855476212627785e-38], [3.4271660020551488e-37, 3.027819800469761e-38], [1.540837187143622e-37, 2.3422661920331045e-38], [5.590655295150571e-38, 6.889746963923619e-39], [2.8372072878768194e-38, 5.173240552087985e-39], [6.498908930340037e-39, 1.2159333392370172e-39], [3.743757066651776e-39, 1.0300185772915426e-39], [7.889106542508693e-40, 1.8988212183275807e-40], [3.497214660908805e-40, 1.8648665121382183e-40], [5.396177377960559e-41, 3.2610142140477213e-41], [0.0, 0.0]]}